mean_fit_time,std_fit_time,mean_score_time,std_score_time,param_C,param_penalty,param_solver,param_l1_ratio,params,split0_test_score,split1_test_score,split2_test_score,mean_test_score,std_test_score,rank_test_score
8.03271214167277,0.5687609276201853,0.0018605391184488933,0.00010625987944989548,15,elasticnet,saga,0.0,"{'C': 15, 'l1_ratio': 0.0, 'penalty': 'elasticnet', 'solver': 'saga'}",0.9541760332007608,0.9584954604409858,0.9628188499783831,0.9584967812067099,0.0035284152978548033,1
0.32706745465596515,0.04491950139647222,0.0023501714070638022,0.0004184173533241815,12,l2,liblinear,,"{'C': 12, 'penalty': 'l2', 'solver': 'liblinear'}",0.9543489538301919,0.958149589277994,0.9628188499783831,0.9584391310288564,0.0034638765383507514,2
0.24520198504130045,0.024146429434566418,0.0018777052561442058,3.310748148013575e-05,5,l2,liblinear,,"{'C': 5, 'penalty': 'l2', 'solver': 'liblinear'}",0.9547812554037697,0.9584089926502378,0.9621271076523995,0.9584391185688023,0.002999007279406746,3
3.9477264086405435,0.03644757135496018,0.002001682917277018,0.0002204378293730639,5,l2,sag,,"{'C': 5, 'penalty': 'l2', 'solver': 'sag'}",0.9547812554037697,0.9584089926502378,0.9621271076523995,0.9584391185688023,0.002999007279406746,3
7.746363798777263,0.17033006290163644,0.002064784367879232,0.0003779575639144426,12,l2,saga,,"{'C': 12, 'penalty': 'l2', 'solver': 'saga'}",0.9544354141449075,0.958063121487246,0.9627323821876351,0.9584103059399296,0.003396107817158705,5
7.061712423960368,0.047208077505544954,0.0018219153086344402,8.371476543594165e-06,5,l2,saga,,"{'C': 5, 'penalty': 'l2', 'solver': 'saga'}",0.9546083347743386,0.9584954604409858,0.9621271076523995,0.958410300955908,0.003070116773174393,6
7.124162832895915,0.05608219469651882,0.0018578370412190754,5.017803331031905e-05,5,elasticnet,saga,0.0,"{'C': 5, 'l1_ratio': 0.0, 'penalty': 'elasticnet', 'solver': 'saga'}",0.9546083347743386,0.9584954604409858,0.9621271076523995,0.958410300955908,0.003070116773174393,6
5.496707916259766,0.15583302615999223,0.0019921461741129556,0.0001458301206147984,12,l2,sag,,"{'C': 12, 'penalty': 'l2', 'solver': 'sag'}",0.9544354141449075,0.958063121487246,0.9625594466061392,0.9583526607460976,0.0033229355089136594,8
0.49390514691670734,0.02795725689057385,0.002601146697998047,0.0003936122982748727,5,l2,newton-cg,,"{'C': 5, 'penalty': 'l2', 'solver': 'newton-cg'}",0.9546083347743386,0.9583225248594899,0.9620406398616516,0.95832383316516,0.0030342259871310763,9
0.966475248336792,0.04797271263840817,0.0028482278188069663,0.00010011050747465269,5,l2,lbfgs,,"{'C': 5, 'penalty': 'l2', 'solver': 'lbfgs'}",0.9546083347743386,0.9583225248594899,0.9620406398616516,0.95832383316516,0.0030342259871310763,9
0.5423134962717692,0.029561745708624958,0.0022568702697753906,0.00034340243827662054,12,l2,newton-cg,,"{'C': 12, 'penalty': 'l2', 'solver': 'newton-cg'}",0.9542624935154764,0.9579766536964981,0.9625594466061392,0.9582661979393713,0.0033933989399617718,11
1.3078853289286296,0.023313266871961075,0.002087195714314779,0.0003439490432451534,12,l2,lbfgs,,"{'C': 12, 'penalty': 'l2', 'solver': 'lbfgs'}",0.9542624935154764,0.9579766536964981,0.9625594466061392,0.9582661979393713,0.0033933989399617718,11
6.397969802220662,0.4849237574672763,0.0021336873372395835,0.00034005557234077923,24,l2,saga,,"{'C': 24, 'penalty': 'l2', 'solver': 'saga'}",0.9529655887947432,0.9589277993947255,0.9618677042801557,0.9579203641565415,0.0037034316832055547,13
6.278166691462199,0.3435838566110846,0.0020792484283447266,0.0002500610467997899,24,l2,sag,,"{'C': 24, 'penalty': 'l2', 'solver': 'sag'}",0.9531385094241743,0.9584954604409858,0.9619541720709036,0.9578627139786878,0.0036266837964727813,14
1.6137173175811768,0.13009711346448885,0.002729177474975586,6.366296930232036e-05,24,l2,lbfgs,,"{'C': 24, 'penalty': 'l2', 'solver': 'lbfgs'}",0.9533978903683209,0.9584954604409858,0.9616083009079118,0.9578338839057395,0.0033843732005742508,15
0.5819027423858643,0.02132724145733812,0.0022261937459309897,0.0004513520557971387,24,l2,newton-cg,,"{'C': 24, 'penalty': 'l2', 'solver': 'newton-cg'}",0.9533978903683209,0.9584089926502378,0.9616083009079118,0.9578050613088235,0.003378980132723809,16
0.33553266525268555,0.024297547566124768,0.002159277598063151,0.0003507072916512543,24,l2,liblinear,,"{'C': 24, 'penalty': 'l2', 'solver': 'liblinear'}",0.9532249697388898,0.9584089926502378,0.9616947686986598,0.9577762436959292,0.0034866079058892487,17
5.053103605906169,0.6137027602021629,0.0018230279286702473,7.268348091790912e-05,30,elasticnet,saga,0.0,"{'C': 30, 'l1_ratio': 0.0, 'penalty': 'elasticnet', 'solver': 'saga'}",0.9527062078505966,0.958149589277994,0.9614353653264159,0.9574303874850022,0.003599767212260194,18
1.531305233637492,0.16108702067038494,0.0022083918253580728,0.0003440386613607751,35,l2,lbfgs,,"{'C': 35, 'penalty': 'l2', 'solver': 'lbfgs'}",0.9532249697388898,0.9577172503242543,0.9610894941634242,0.9573439047421894,0.0032215137537871634,19
0.6171619097391764,0.014642334206035897,0.0019423166910807292,8.494358749877024e-05,35,l2,newton-cg,,"{'C': 35, 'penalty': 'l2', 'solver': 'newton-cg'}",0.9532249697388898,0.9577172503242543,0.9610894941634242,0.9573439047421894,0.0032215137537871634,19
0.35217610994974774,0.025476810806233843,0.0024965604146321616,0.000402180429494869,35,l2,liblinear,,"{'C': 35, 'penalty': 'l2', 'solver': 'liblinear'}",0.9530520491094587,0.9577172503242543,0.9610030263726762,0.9572574419354631,0.0032622157782558744,21
3.43757700920105,1.0346216916282043,0.0018437703450520833,1.608849482550819e-05,35,l2,saga,,"{'C': 35, 'penalty': 'l2', 'solver': 'saga'}",0.9526197475358811,0.9578901859057501,0.9611759619541721,0.9572286317986012,0.0035242438120781884,22
6.050864775975545,0.5734562636355609,0.001931587855021159,0.00014456115364045182,35,l2,sag,,"{'C': 35, 'penalty': 'l2', 'solver': 'sag'}",0.9527926681653122,0.9578037181150022,0.9610030263726762,0.9571998042176636,0.003378957380598994,23
2.483027537663778,0.017890508740490703,0.0018180211385091145,8.740078104727815e-05,50,l2,saga,,"{'C': 50, 'penalty': 'l2', 'solver': 'saga'}",0.95244682690645,0.9577172503242543,0.9605706874189365,0.9569115882165469,0.0033651246614284447,24
1.6168479919433594,0.025344074842395377,0.001941363016764323,9.732314021359321e-05,50,l2,lbfgs,,"{'C': 50, 'penalty': 'l2', 'solver': 'lbfgs'}",0.9527062078505966,0.9572849113705145,0.9604842196281885,0.9568251129497666,0.003191961543615627,25
0.6660721302032471,0.02438183694544866,0.0022079944610595703,0.0004229748526417288,50,l2,newton-cg,,"{'C': 50, 'penalty': 'l2', 'solver': 'newton-cg'}",0.9527062078505966,0.9572849113705145,0.9604842196281885,0.9568251129497666,0.003191961543615627,25
1046.168661038081,68.6445769196727,0.0018772284189860027,9.934558858152729e-05,15,elasticnet,saga,0.3333333333333333,"{'C': 15, 'l1_ratio': 0.3333333333333333, 'penalty': 'elasticnet', 'solver': 'saga'}",0.9523603665917344,0.9573713791612625,0.9605706874189365,0.9567674777239779,0.003378941129097787,27
0.3696763515472412,0.015691673588546402,0.001882473627726237,7.780445729934964e-05,50,l2,liblinear,,"{'C': 50, 'penalty': 'l2', 'solver': 'liblinear'}",0.9526197475358811,0.9571984435797666,0.9604842196281885,0.9567674702479455,0.0032250874750127806,28
4.6330796877543134,0.9240697909868258,0.0018107096354166667,2.6874285410103663e-05,50,l2,sag,,"{'C': 50, 'penalty': 'l2', 'solver': 'sag'}",0.9521874459623033,0.9573713791612625,0.9606571552096844,0.9567386601110833,0.003486568870311507,29
343.24382305145264,11.85345669518576,0.001893440882364909,0.0001635262189098378,30,elasticnet,saga,0.3333333333333333,"{'C': 30, 'l1_ratio': 0.3333333333333333, 'penalty': 'elasticnet', 'solver': 'saga'}",0.9518416047034411,0.9573713791612625,0.9598789450929529,0.9563639763192189,0.0033576634235568687,30
835.2061984539032,17.559127703102988,0.002074082692464193,0.00034265078979960604,5,elasticnet,saga,0.3333333333333333,"{'C': 5, 'l1_ratio': 0.3333333333333333, 'penalty': 'elasticnet', 'solver': 'saga'}",0.9521874459623033,0.9560743623000433,0.9605706874189365,0.9562774985604277,0.0034254569121277283,31
1.8505225976308186,0.17310323198546468,0.0023986498514811196,0.00037682533906438216,100,l2,lbfgs,,"{'C': 100, 'penalty': 'l2', 'solver': 'lbfgs'}",0.951495763444579,0.9566796368352789,0.9593601383484652,0.9558451795427744,0.003264387373559237,32
0.6978621482849121,0.024345155469865782,0.0025333563486735025,0.0001286621664379835,100,l2,newton-cg,,"{'C': 100, 'penalty': 'l2', 'solver': 'newton-cg'}",0.951495763444579,0.9566796368352789,0.9593601383484652,0.9558451795427744,0.003264387373559237,32
3.5122910340627036,0.12637667924517673,0.0017638206481933594,6.971477754545057e-05,100,l2,saga,,"{'C': 100, 'penalty': 'l2', 'solver': 'saga'}",0.9508040809268545,0.9567661046260268,0.959792477302205,0.9557875542850288,0.0037341654960203847,34
3.4833246866861978,0.10068713843886941,0.0018039544423421223,6.321775014907918e-05,100,elasticnet,saga,0.0,"{'C': 100, 'l1_ratio': 0.0, 'penalty': 'elasticnet', 'solver': 'saga'}",0.9508040809268545,0.9567661046260268,0.959792477302205,0.9557875542850288,0.0037341654960203847,34
0.41089892387390137,0.03653435839360515,0.001956462860107422,5.4178228682141354e-05,100,l2,liblinear,,"{'C': 100, 'penalty': 'l2', 'solver': 'liblinear'}",0.9514093031298634,0.9566796368352789,0.9592736705577173,0.9557875368409533,0.0032719974083098235,36
2.883963108062744,0.10772644509747262,0.0019790331522623696,0.00017226973804569995,100,l2,sag,,"{'C': 100, 'penalty': 'l2', 'solver': 'sag'}",0.950717620612139,0.9566796368352789,0.9596195417207091,0.9556722663893757,0.003703344998534935,37
642.0522326628367,6.520683859154175,0.0018893877665201824,0.00014379853581345027,100,elasticnet,saga,0.3333333333333333,"{'C': 100, 'l1_ratio': 0.3333333333333333, 'penalty': 'elasticnet', 'solver': 'saga'}",0.950544699982708,0.9562472978815392,0.9592736705577173,0.9553552228073214,0.00361898515041395,38
4.058966000874837,0.08084880747375445,0.0018548170725504558,9.013995187393187e-05,250,l2,saga,,"{'C': 250, 'penalty': 'l2', 'solver': 'saga'}",0.9495071762061214,0.9561608300907912,0.9593601383484652,0.9550093815484594,0.004104029812582117,39
285.64275630315143,19.353024026645976,0.0017639001210530598,4.0953128788319845e-05,30,elasticnet,saga,0.6666666666666666,"{'C': 30, 'l1_ratio': 0.6666666666666666, 'penalty': 'elasticnet', 'solver': 'saga'}",0.9496800968355524,0.9560743623000433,0.9588413316039776,0.9548652635798578,0.0038365344958626413,40
350.8353118101756,59.41455606939442,0.0019516150156656902,0.0002442615376428544,15,elasticnet,saga,0.6666666666666666,"{'C': 15, 'l1_ratio': 0.6666666666666666, 'penalty': 'elasticnet', 'solver': 'saga'}",0.9506311602974234,0.9556420233463035,0.958063121487246,0.954778768376991,0.0030948794955850747,41
4.814825137456258,0.4081270459462955,0.0018407503763834636,2.3548654540426022e-05,250,l2,sag,,"{'C': 250, 'penalty': 'l2', 'solver': 'sag'}",0.9494207158914059,0.9556420233463035,0.9591872027669693,0.9547499806682263,0.004036737261475071,42
2.4582335154215493,0.02980315204885438,0.0021943251291910806,0.0003454658244785146,250,l2,lbfgs,,"{'C': 250, 'penalty': 'l2', 'solver': 'lbfgs'}",0.9495071762061214,0.9553826199740597,0.9589277993947255,0.9546058651916356,0.0038849750157438326,43
0.724303404490153,0.029129381658951247,0.002330621083577474,0.0005538310608867738,250,l2,newton-cg,,"{'C': 250, 'penalty': 'l2', 'solver': 'newton-cg'}",0.9494207158914059,0.9553826199740597,0.9589277993947255,0.9545770450867304,0.0039228282619469725,44
411.7427661418915,14.694916463821809,0.00205230712890625,0.0003926475808813149,5,elasticnet,saga,0.6666666666666666,"{'C': 5, 'l1_ratio': 0.6666666666666666, 'penalty': 'elasticnet', 'solver': 'saga'}",0.9504582396679924,0.9536532641591008,0.9596195417207091,0.9545770151826009,0.0037966960013798593,45
0.5688551266988119,0.09462918232765062,0.0024405320485432944,0.00037636164814644144,250,l2,liblinear,,"{'C': 250, 'penalty': 'l2', 'solver': 'liblinear'}",0.9494207158914059,0.9553826199740597,0.9588413316039776,0.9545482224898144,0.003890943713486002,46
5.204783837000529,0.20529445766648302,0.0017821788787841797,3.988508393169774e-05,500,elasticnet,saga,0.0,"{'C': 500, 'l1_ratio': 0.0, 'penalty': 'elasticnet', 'solver': 'saga'}",0.9491613349472592,0.9554690877648077,0.9586683960224817,0.9544329395781829,0.003949789434935068,47
5.69363800684611,0.16328398993347681,0.0018726189931233723,1.968393697475496e-05,750,l2,saga,,"{'C': 750, 'penalty': 'l2', 'solver': 'saga'}",0.948815493688397,0.9554690877648077,0.9587548638132296,0.9543464817554782,0.004134646523282718,48
615.8110885620117,66.38038219097749,0.0018447240193684895,0.00011601856249943261,100,elasticnet,saga,0.6666666666666666,"{'C': 100, 'l1_ratio': 0.6666666666666666, 'penalty': 'elasticnet', 'solver': 'saga'}",0.9489019540031126,0.9553826199740597,0.958063121487246,0.9541158984881394,0.0038457929316986464,49
6.390251398086548,0.21783130889317373,0.0018095970153808594,7.067733698046416e-05,1000,elasticnet,saga,0.0,"{'C': 1000, 'l1_ratio': 0.0, 'penalty': 'elasticnet', 'solver': 'saga'}",0.9484696524295348,0.9552096843925638,0.9584954604409858,0.9540582657543615,0.004173210613018724,50
1324.1919298966725,71.63094904249017,0.0017340977986653645,3.9132294085172824e-05,500,elasticnet,saga,0.3333333333333333,"{'C': 500, 'l1_ratio': 0.3333333333333333, 'penalty': 'elasticnet', 'solver': 'saga'}",0.9485561127442503,0.9552961521833118,0.9582360570687419,0.9540294406654347,0.004052057015348799,51
5.702606360117595,2.5441982265668197,0.0018471082051595051,1.0194233740130496e-05,750,l2,sag,,"{'C': 750, 'penalty': 'l2', 'solver': 'sag'}",0.9479508905412416,0.9550367488110679,0.958149589277994,0.9537124095434345,0.004267612123315611,52
8.95570476849874,0.33463613110411056,0.0017851988474527996,4.4278865608835036e-05,2000,l2,saga,,"{'C': 2000, 'penalty': 'l2', 'solver': 'saga'}",0.9481238111706727,0.9546044098573282,0.9579766536964981,0.953568291574833,0.004088584292977137,53
1904.107190211614,88.78469025147726,0.0017584959665934246,9.643284084065168e-05,1000,elasticnet,saga,0.3333333333333333,"{'C': 1000, 'l1_ratio': 0.3333333333333333, 'penalty': 'elasticnet', 'solver': 'saga'}",0.9479508905412416,0.9547773454388241,0.9576307825335063,0.9534530061711907,0.00406123816237729,54
5.323179721832275,0.2862784132275578,0.0017644564310709636,1.0349185137227967e-05,2000,l2,sag,,"{'C': 2000, 'penalty': 'l2', 'solver': 'sag'}",0.9479508905412416,0.9539991353220926,0.9576307825335063,0.9531936027989468,0.00399263816123807,55
1527.257759809494,61.42798404307263,0.0017478466033935547,9.47911014081261e-05,500,elasticnet,saga,0.6666666666666666,"{'C': 500, 'l1_ratio': 0.6666666666666666, 'penalty': 'elasticnet', 'solver': 'saga'}",0.9477779699118105,0.9541720709035885,0.9575443147427584,0.9531647851860524,0.004050213264081245,56
10.640484809875488,0.3643784500184701,0.0017844041188557942,4.842121623644246e-05,3000,elasticnet,saga,0.0,"{'C': 3000, 'l1_ratio': 0.0, 'penalty': 'elasticnet', 'solver': 'saga'}",0.947864430226526,0.9538261997405967,0.9578037181150022,0.9531647826940417,0.004084561609655528,57
0.5171977678934733,0.06915420645526373,0.0021591981252034507,0.00042945331822296555,750,l2,liblinear,,"{'C': 750, 'penalty': 'l2', 'solver': 'liblinear'}",0.947864430226526,0.9537397319498487,0.9576307825335063,0.9530783149032938,0.004014433436830998,58
0.8346271514892578,0.03865154573014625,0.0022161006927490234,0.0004045946193862021,750,l2,newton-cg,,"{'C': 750, 'penalty': 'l2', 'solver': 'newton-cg'}",0.9479508905412416,0.9535667963683528,0.9576307825335063,0.9530494898143669,0.003968692630961756,59
2.929041783014933,0.2379628144131271,0.002748568852742513,3.8507532461505445e-05,750,l2,lbfgs,,"{'C': 750, 'penalty': 'l2', 'solver': 'lbfgs'}",0.9479508905412416,0.9535667963683528,0.9576307825335063,0.9530494898143669,0.003968692630961756,59
3101.6106752554574,66.90961393287202,0.001901865005493164,0.00011549110160030027,3000,elasticnet,saga,0.3333333333333333,"{'C': 3000, 'l1_ratio': 0.3333333333333333, 'penalty': 'elasticnet', 'solver': 'saga'}",0.9476050492823794,0.9534803285776049,0.9577172503242543,0.9529342093947463,0.004146310576825158,61
12.557695945103964,0.2213608638648311,0.0018312136332194011,4.073276741862897e-05,5000,l2,saga,,"{'C': 5000, 'penalty': 'l2', 'solver': 'saga'}",0.9476050492823794,0.9535667963683528,0.9575443147427584,0.9529053867978302,0.004084551908345607,62
2149.2078568935394,73.20608093241002,0.0018614133199055989,0.00010905095416777782,1000,elasticnet,saga,0.6666666666666666,"{'C': 1000, 'l1_ratio': 0.6666666666666666, 'penalty': 'elasticnet', 'solver': 'saga'}",0.9476050492823794,0.9531344574146131,0.9578901859057501,0.9528765642009143,0.004202847488913863,63
13.445114771525065,0.05212144605063593,0.0020863215128580728,0.00033504641693466944,,,saga,,"{'penalty': None, 'solver': 'saga'}",0.9472592080235172,0.9531344574146131,0.9578901859057501,0.9527612837812934,0.004348092808238689,64
2785.62552412351,59.58651897174361,0.0018350283304850261,6.527513866110689e-05,3000,elasticnet,saga,0.6666666666666666,"{'C': 3000, 'l1_ratio': 0.6666666666666666, 'penalty': 'elasticnet', 'solver': 'saga'}",0.9471727477088017,0.953307392996109,0.9575443147427584,0.9526748184825564,0.004257735201674056,65
2788.191983381907,59.61396891306909,0.0019832452138264975,0.00025056581511275665,5000,l1,saga,,"{'C': 5000, 'penalty': 'l1', 'solver': 'saga'}",0.9472592080235172,0.953047989623865,0.9577172503242543,0.9526748159905455,0.0042776244272925866,66
2520.9275171756744,51.65459524284008,0.0018442471822102864,0.00010921554672125582,3000,elasticnet,saga,1.0,"{'C': 3000, 'l1_ratio': 1.0, 'penalty': 'elasticnet', 'solver': 'saga'}",0.9469998270793706,0.9528750540423692,0.9572849113705145,0.952386597497418,0.004213049731980633,67
8.405624389648438,0.7012292510565871,0.001775185267130534,3.0949347897622126e-05,5000,l2,sag,,"{'C': 5000, 'penalty': 'l2', 'solver': 'sag'}",0.9476050492823794,0.9523562472978815,0.9571984435797666,0.9523865800533425,0.0039165455521692795,68
1867.3907364209492,49.59229934725139,0.0017939408620198567,3.981201612293774e-05,1000,elasticnet,saga,1.0,"{'C': 1000, 'l1_ratio': 1.0, 'penalty': 'elasticnet', 'solver': 'saga'}",0.9467404461352239,0.9528750540423692,0.9574578469520104,0.9523577823765345,0.004390622396966866,69
1680.7038867473602,50.75907044343243,0.001866738001505534,0.00011240626217542893,750,l1,saga,,"{'C': 750, 'penalty': 'l1', 'solver': 'saga'}",0.9466539858205084,0.9529615218331171,0.9572849113705145,0.9523001396747134,0.0043651814992456146,70
2293.4424249331155,56.83392681888032,0.0018810431162516277,0.0001119749185386513,2000,l1,saga,,"{'C': 2000, 'penalty': 'l1', 'solver': 'saga'}",0.9465675255057928,0.9527021184608733,0.9572849113705145,0.9521848517790602,0.004390616020440229,71
1438.4985072612762,49.88481728656808,0.0018619696299235027,6.01465177661835e-05,500,elasticnet,saga,1.0,"{'C': 500, 'l1_ratio': 1.0, 'penalty': 'elasticnet', 'solver': 'saga'}",0.946913366764655,0.9526156506701253,0.9570255079982707,0.9521848418110169,0.004139488477816423,72
94.09925762812297,7.82470134952222,0.0017631053924560547,4.696462747908947e-05,5,elasticnet,saga,1.0,"{'C': 5, 'l1_ratio': 1.0, 'penalty': 'elasticnet', 'solver': 'saga'}",0.9460487636174996,0.9520103761348897,0.9575443147427584,0.9518678181650492,0.004694121572025553,73
93.34818808237712,7.421838702624403,0.0017654895782470703,6.807786367220972e-05,5,l1,saga,,"{'C': 5, 'penalty': 'l1', 'solver': 'saga'}",0.9460487636174996,0.9520103761348897,0.9575443147427584,0.9518678181650492,0.004694121572025553,73
685.4580008188883,27.041481468177597,0.0017751057942708333,6.625386874092844e-06,100,elasticnet,saga,1.0,"{'C': 100, 'l1_ratio': 1.0, 'penalty': 'elasticnet', 'solver': 'saga'}",0.9468269064499395,0.9518374405533938,0.9561608300907912,0.9516083923647082,0.003813998771007302,75
685.9918388525645,21.389114820685087,0.0018412272135416667,8.54373531722234e-05,100,l1,saga,,"{'C': 100, 'penalty': 'l1', 'solver': 'saga'}",0.9468269064499395,0.9518374405533938,0.9561608300907912,0.9516083923647082,0.003813998771007302,75
1048.2917462189992,40.998362165703185,0.0018592675526936848,8.31071067259571e-05,250,l1,saga,,"{'C': 250, 'penalty': 'l1', 'solver': 'saga'}",0.9470862873940861,0.9517509727626459,0.9559014267185474,0.9515795622917599,0.003600806066198987,77
3.809523661931356,0.9055594283602924,0.0018146832784016926,3.53896133325126e-05,5,l1,liblinear,,"{'C': 5, 'penalty': 'l1', 'solver': 'liblinear'}",0.9460487636174996,0.9514051015996541,0.9571984435797666,0.9515507695989734,0.004553003052181706,78
3.473753293355306,0.27413216665859536,0.002608776092529297,0.00041538597396095355,2000,l2,lbfgs,,"{'C': 2000, 'penalty': 'l2', 'solver': 'lbfgs'}",0.9464810651910773,0.9512321660181582,0.9566796368352789,0.9514642893481714,0.0041667834777543876,79
0.9111098448435465,0.043785811690831504,0.0021057923634847007,0.0003678037775983668,2000,l2,newton-cg,,"{'C': 2000, 'penalty': 'l2', 'solver': 'newton-cg'}",0.9464810651910773,0.9512321660181582,0.9566796368352789,0.9514642893481714,0.0041667834777543876,79
12.826560974121094,0.14774521438979618,0.0020704269409179688,0.0002195513660677767,,,sag,,"{'penalty': None, 'solver': 'sag'}",0.9460487636174996,0.9517509727626459,0.9564202334630351,0.9514066566143935,0.004241128929634462,81
0.5715209643046061,0.07971920640503306,0.0019260247548421223,3.1126385317515904e-05,2000,l2,liblinear,,"{'C': 2000, 'penalty': 'l2', 'solver': 'liblinear'}",0.9465675255057928,0.9511456982274102,0.9563337656722871,0.9513489964684968,0.003989641535989025,82
495.3022226492564,20.516298350313246,0.0019120375315348308,2.4508326976085686e-05,50,l1,saga,,"{'C': 50, 'penalty': 'l1', 'solver': 'saga'}",0.9453570810997752,0.9513186338089061,0.9557284911370515,0.9508014020152443,0.004249877103055232,83
420.89700476328534,16.962334059508734,0.0018755594889322917,6.063190671626291e-05,35,l1,saga,,"{'C': 35, 'penalty': 'l1', 'solver': 'saga'}",0.9443195573231886,0.9520103761348897,0.9559878945092953,0.9507726093224579,0.004843316576041559,84
0.1764991283416748,0.01222608725011679,0.0019857088724772134,3.687626327967194e-05,1,l2,liblinear,,"{'C': 1, 'penalty': 'l2', 'solver': 'liblinear'}",0.9470862873940861,0.9494163424124513,0.9555555555555556,0.9506860617873644,0.0035722323800850826,85
249.51257435480753,4.865839593269885,0.0022422472635904946,0.00041050650039605656,12,l1,saga,,"{'C': 12, 'penalty': 'l1', 'solver': 'saga'}",0.9439737160643265,0.9520968439256376,0.9554690877648077,0.9505132159182573,0.0048247142148439386,86
4.987644195556641,0.044610353611164257,0.0017708937327067058,5.4532166120261006e-05,1,elasticnet,saga,0.0,"{'C': 1, 'l1_ratio': 0.0, 'penalty': 'elasticnet', 'solver': 'saga'}",0.9472592080235172,0.9490704712494595,0.9552096843925638,0.9505131212218468,0.0034022980303332405,87
4.9503592650095625,0.04864125029095135,0.001743634541829427,2.953397952331636e-05,1,l2,saga,,"{'C': 1, 'penalty': 'l2', 'solver': 'saga'}",0.9472592080235172,0.9490704712494595,0.9552096843925638,0.9505131212218468,0.0034022980303332405,87
0.6190884113311768,0.05290391219199323,0.002218166987101237,0.00037585085682969953,5000,l2,liblinear,,"{'C': 5000, 'penalty': 'l2', 'solver': 'liblinear'}",0.9453570810997752,0.9506268914829226,0.9554690877648077,0.9504843534491685,0.004129439632421079,89
1.3501413663228352,0.3129405060117463,0.0018528302510579426,4.068622347088428e-05,,,lbfgs,,"{'penalty': None, 'solver': 'lbfgs'}",0.9430226526024554,0.953047989623865,0.9551232166018159,0.9503979529427121,0.005283492095464041,90
357.96965312957764,14.238279542173498,0.0018413066864013672,0.00010099440278325165,24,l1,saga,,"{'C': 24, 'penalty': 'l1', 'solver': 'saga'}",0.9436278748054643,0.9520968439256376,0.9554690877648077,0.9503979354986365,0.004981184495655086,91
302.5056942303975,14.635524392394965,0.001909017562866211,0.00015433338796366712,15,elasticnet,saga,1.0,"{'C': 15, 'l1_ratio': 1.0, 'penalty': 'elasticnet', 'solver': 'saga'}",0.9444060176379042,0.951491569390402,0.9552961521833118,0.9503979130705393,0.004512635646253116,92
3.911346991856893,0.22680912344958634,0.002117315928141276,0.0003072509354854694,5000,l2,lbfgs,,"{'C': 5000, 'penalty': 'l2', 'solver': 'lbfgs'}",0.9450112398409131,0.9504539559014267,0.9557284911370515,0.9503978956264638,0.004375479090108641,93
1.019488016764323,0.07343228880738316,0.0019521713256835938,0.00016593156628327884,5000,l2,newton-cg,,"{'C': 5000, 'penalty': 'l2', 'solver': 'newton-cg'}",0.9450112398409131,0.9504539559014267,0.9557284911370515,0.9503978956264638,0.004375479090108641,93
1.570518970489502,0.007664032233564304,0.0019996960957845054,0.00019317127170554192,1,l2,sag,,"{'C': 1, 'penalty': 'l2', 'solver': 'sag'}",0.9470862873940861,0.9489840034587116,0.9550367488110679,0.9503690132212886,0.0033902947971677787,95
1.7076016267140706,1.1354178789172171,0.0018322467803955078,8.593063363467468e-05,12,l1,liblinear,,"{'C': 12, 'penalty': 'l1', 'solver': 'liblinear'}",0.9446653985820508,0.9508862948551664,0.9552961521833118,0.950282615206843,0.004360928981385406,96
0.5765727361043295,0.05891344785049998,0.002617994944254557,0.00046196265639350574,1,l2,lbfgs,,"{'C': 1, 'penalty': 'l2', 'solver': 'lbfgs'}",0.9469998270793706,0.9488975356679636,0.95495028102032,0.9502825479225514,0.003390292384225698,97
0.37142491340637207,0.008067178682368567,0.0019095738728841145,7.086029422680165e-05,1,l2,newton-cg,,"{'C': 1, 'penalty': 'l2', 'solver': 'newton-cg'}",0.9469998270793706,0.9488110678772157,0.95495028102032,0.9502537253256355,0.0034022908803628313,98
394.33649984995526,15.774910529392379,0.001951297124226888,8.191620438931189e-05,30,elasticnet,saga,1.0,"{'C': 30, 'l1_ratio': 1.0, 'penalty': 'elasticnet', 'solver': 'saga'}",0.9433684938613176,0.9517509727626459,0.9554690877648077,0.950196184796257,0.005060903570155286,99
0.44393118222554523,0.06707626391611303,0.0018429756164550781,5.186942172701193e-05,24,l1,liblinear,,"{'C': 24, 'penalty': 'l1', 'solver': 'liblinear'}",0.9431955732318865,0.9500216169476869,0.9544314742758323,0.9492162214851353,0.004622255182315203,100
0.36467766761779785,0.06343857533993083,0.0018524328867594402,7.94954267886042e-05,35,l1,liblinear,,"{'C': 35, 'penalty': 'l1', 'solver': 'liblinear'}",0.94293619228774,0.9494163424124513,0.9540856031128405,0.9488127126043439,0.004571696778049646,101
0.311983585357666,0.02683218318504222,0.0018916130065917969,0.00016430794158200156,50,l1,liblinear,,"{'C': 50, 'penalty': 'l1', 'solver': 'liblinear'}",0.9420715891405844,0.948378728923476,0.9540856031128405,0.9481786403923004,0.004906740907270475,102
0.18615055084228516,0.01110054229891741,0.0018548170725504558,6.606140530968542e-05,750,l1,liblinear,,"{'C': 750, 'penalty': 'l1', 'solver': 'liblinear'}",0.9441466366937575,0.9463899697362732,0.9534803285776049,0.9480056450025452,0.003978044408180303,103
0.24241948127746582,0.04772529329853577,0.0018821557362874348,0.00011718822237640386,250,l1,liblinear,,"{'C': 250, 'penalty': 'l1', 'solver': 'liblinear'}",0.9428497319730244,0.9464764375270212,0.9520103761348897,0.9471121818783118,0.0037667385118718504,104
0.28384820620218915,0.016290316529124466,0.0018742879231770833,6.647913027004007e-05,100,l1,liblinear,,"{'C': 100, 'penalty': 'l1', 'solver': 'liblinear'}",0.9423309700847311,0.9460440985732814,0.9524427150886294,0.9469392612488807,0.004176348797518809,105
0.18386061986287436,0.025262692402916072,0.001781781514485677,3.309660576733856e-05,2000,l1,liblinear,,"{'C': 2000, 'penalty': 'l1', 'solver': 'liblinear'}",0.9416392875670068,0.9457846952010376,0.9511456982274102,0.9461898936651515,0.0038915378500492094,106
224.87213667233786,3.16599793107936,0.0020360946655273438,0.00012920981924260762,1,elasticnet,saga,0.3333333333333333,"{'C': 1, 'l1_ratio': 0.3333333333333333, 'penalty': 'elasticnet', 'solver': 'saga'}",0.9418122081964379,0.9443147427583225,0.9507133592736705,0.9456134367428103,0.0037481174985085166,107
0.1747745672861735,0.027829004236190953,0.0024438699086507163,0.0003722019900499572,0.5,l2,liblinear,,"{'C': 0.5, 'penalty': 'l2', 'solver': 'liblinear'}",0.9404288431609891,0.943450064850843,0.9484651967142239,0.944114701575352,0.003314317535564155,108
4.164060831069946,0.05638798177628007,0.0018529891967773438,1.5739238208865173e-05,0.5,elasticnet,saga,0.0,"{'C': 0.5, 'l1_ratio': 0.0, 'penalty': 'elasticnet', 'solver': 'saga'}",0.9401694622168425,0.9432771292693471,0.9488110678772157,0.9440858864544683,0.0035739710160839788,109
3.941571076711019,0.04879413975245507,0.0017441908518473308,1.6170725358825893e-05,0.5,l2,saga,,"{'C': 0.5, 'penalty': 'l2', 'solver': 'saga'}",0.9401694622168425,0.9432771292693471,0.9488110678772157,0.9440858864544683,0.0035739710160839788,109
1.0342293580373128,0.014647737085130771,0.0018430550893147786,7.803595452620956e-05,0.5,l2,sag,,"{'C': 0.5, 'penalty': 'l2', 'solver': 'sag'}",0.9399100812726958,0.943450064850843,0.9485516645049719,0.9439706035428369,0.003547060810256441,111
0.31828808784484863,0.042897860707968964,0.0022029876708984375,0.00043925528824929216,0.5,l2,lbfgs,,"{'C': 0.5, 'penalty': 'l2', 'solver': 'lbfgs'}",0.9399100812726958,0.943450064850843,0.9485516645049719,0.9439706035428369,0.003547060810256441,111
0.3824339707692464,0.018691207114776297,0.0021882851918538413,0.0004130171564105395,0.5,l2,newton-cg,,"{'C': 0.5, 'penalty': 'l2', 'solver': 'newton-cg'}",0.9399100812726958,0.943450064850843,0.9485516645049719,0.9439706035428369,0.003547060810256441,111
0.1651294231414795,0.0034228814274356954,0.0018218358357747395,5.15316387025715e-05,5000,l1,liblinear,,"{'C': 5000, 'penalty': 'l1', 'solver': 'liblinear'}",0.9401694622168425,0.9424124513618677,0.9489840034587116,0.9438553056791404,0.003740357002730048,114
93.83951338132222,0.9113178716540463,0.0017931461334228516,7.960634148038016e-05,1,elasticnet,saga,0.6666666666666666,"{'C': 1, 'l1_ratio': 0.6666666666666666, 'penalty': 'elasticnet', 'solver': 'saga'}",0.9379214940342383,0.941980112408128,0.9476005188067445,0.9425007084163702,0.0039685551770172215,115
19.280666828155518,0.03571910375622438,0.0016980171203613281,8.977971259957663e-06,1,elasticnet,saga,1.0,"{'C': 1, 'l1_ratio': 1.0, 'penalty': 'elasticnet', 'solver': 'saga'}",0.9348953830191942,0.940337224383917,0.945179420665802,0.9401373426896377,0.004200819134247712,116
19.149540265401203,0.08482109358745346,0.001748800277709961,2.578082909708571e-05,1,l1,saga,,"{'C': 1, 'penalty': 'l1', 'solver': 'saga'}",0.9348953830191942,0.940337224383917,0.945179420665802,0.9401373426896377,0.004200819134247712,116
4.486057758331299,0.12279177438551118,0.0019052823384602864,0.00016121437370857233,1,l1,liblinear,,"{'C': 1, 'penalty': 'l1', 'solver': 'liblinear'}",0.9346360020750476,0.940337224383917,0.9453523562472979,0.9401085275687541,0.004377920995268993,118
103.26656238238017,1.3667999935364836,0.002007087071736654,0.0003623550549187544,0.5,elasticnet,saga,0.3333333333333333,"{'C': 0.5, 'l1_ratio': 0.3333333333333333, 'penalty': 'elasticnet', 'solver': 'saga'}",0.9319557323188656,0.9353220925205361,0.9406830955469088,0.9359869734621036,0.0035938157278297303,119
49.48353393872579,0.9497095658714169,0.0017735958099365234,0.00011919609632600546,0.5,elasticnet,saga,0.6666666666666666,"{'C': 0.5, 'l1_ratio': 0.6666666666666666, 'penalty': 'elasticnet', 'solver': 'saga'}",0.9287567006743904,0.9323821876351059,0.935408560311284,0.9321824828735935,0.0027192793960976415,120
2.1272780895233154,1.045216252005571,0.0021664301554361978,0.0003106998945984102,,,newton-cg,,"{'penalty': None, 'solver': 'newton-cg'}",0.893653812899879,0.9477734543882403,0.9528750540423692,0.9314341071101628,0.02679576524651432,121
3.7687935829162598,0.06778093560700346,0.001743316650390625,4.3562582463184944e-05,0.5,l1,liblinear,,"{'C': 0.5, 'penalty': 'l1', 'solver': 'liblinear'}",0.9246066055680443,0.9292693471681799,0.9340250756593169,0.9293003427985136,0.0038451367779637376,122
12.688329537709555,0.15125474367888428,0.0018277168273925781,0.0001078966346330773,0.5,elasticnet,saga,1.0,"{'C': 0.5, 'l1_ratio': 1.0, 'penalty': 'elasticnet', 'solver': 'saga'}",0.9242607643091821,0.9291828793774319,0.933852140077821,0.929098594588145,0.003916116292798871,123
12.806439558664957,0.4610008463452159,0.001732190450032552,3.910953012473405e-05,0.5,l1,saga,,"{'C': 0.5, 'penalty': 'l1', 'solver': 'saga'}",0.9242607643091821,0.9291828793774319,0.933852140077821,0.929098594588145,0.003916116292798871,123
0.10057473182678223,0.005012540969743127,0.002159595489501953,0.00037097660209171526,0.1,l2,liblinear,,"{'C': 0.1, 'penalty': 'l2', 'solver': 'liblinear'}",0.9161334947259208,0.917596195417207,0.9238218763510593,0.9191838554980624,0.003333496802928123,125
2.290348211924235,0.14493924360543206,0.0018721421559651692,5.64477770005796e-05,0.1,l2,saga,,"{'C': 0.1, 'penalty': 'l2', 'solver': 'saga'}",0.9154418122081964,0.9170773886727194,0.9233895373973195,0.9186362460927452,0.0034267682795341863,126
2.325498024622599,0.061222249681835775,0.0019319852193196614,0.00019629368410581082,0.1,elasticnet,saga,0.0,"{'C': 0.1, 'l1_ratio': 0.0, 'penalty': 'elasticnet', 'solver': 'saga'}",0.9154418122081964,0.9170773886727194,0.9233895373973195,0.9186362460927452,0.0034267682795341863,126
0.34549760818481445,0.016167005583310953,0.0017929871877034504,3.471117598187282e-05,0.1,l2,sag,,"{'C': 0.1, 'penalty': 'l2', 'solver': 'sag'}",0.9156147328376275,0.9169909208819714,0.9233030696065716,0.9186362411087234,0.003347430811293349,128
0.3525560696919759,0.027165504402021205,0.002184708913167318,0.0004209529817590075,0.1,l2,newton-cg,,"{'C': 0.1, 'penalty': 'l2', 'solver': 'newton-cg'}",0.9156147328376275,0.9169909208819714,0.9233030696065716,0.9186362411087234,0.003347430811293349,128
0.2641146977742513,0.025685899705473424,0.0024016698201497397,0.000366436782571015,0.1,l2,lbfgs,,"{'C': 0.1, 'penalty': 'l2', 'solver': 'lbfgs'}",0.915528272522912,0.9169909208819714,0.9233030696065716,0.9186074210038183,0.0033735907582247053,130
19.16998052597046,0.5636388603402236,0.0019355614980061848,0.00023029674299902285,0.1,elasticnet,saga,0.3333333333333333,"{'C': 0.1, 'l1_ratio': 0.3333333333333333, 'penalty': 'elasticnet', 'solver': 'saga'}",0.8935673525851634,0.8971033290099438,0.900043233895374,0.8969046384968271,0.0026474979541680076,131
4.278375784556071,0.1649994534161473,0.0018020470937093098,7.465264367863756e-05,0.1,elasticnet,saga,0.6666666666666666,"{'C': 0.1, 'l1_ratio': 0.6666666666666666, 'penalty': 'elasticnet', 'solver': 'saga'}",0.8885526543316618,0.8898400345871162,0.892001729355815,0.8901314727581977,0.0014230792402935997,132
0.9282445907592773,0.02608060956883988,0.0017824172973632812,9.746101260749726e-05,0.1,l1,liblinear,,"{'C': 0.1, 'penalty': 'l1', 'solver': 'liblinear'}",0.8850077814283244,0.8835278858625162,0.8871595330739299,0.8852317334549236,0.0014910468916627404,133
1.8533666133880615,0.7242576356247613,0.0021301905314127603,0.00017206823001272292,0.1,elasticnet,saga,1.0,"{'C': 0.1, 'l1_ratio': 1.0, 'penalty': 'elasticnet', 'solver': 'saga'}",0.8837973370223068,0.8839602248162559,0.8868136619109381,0.884857074583167,0.0013851133736390217,134
1.7334543069203694,0.6759243566516959,0.0019069512685139973,0.0001699838454817001,0.1,l1,saga,,"{'C': 0.1, 'penalty': 'l1', 'solver': 'saga'}",0.8837973370223068,0.8839602248162559,0.8868136619109381,0.884857074583167,0.0013851133736390217,134
0.17132226626078287,0.023950663411674632,0.0023638407389322915,0.0008080685634983971,0.01,l2,sag,,"{'C': 0.01, 'penalty': 'l2', 'solver': 'sag'}",0.8505101158568217,0.849891915261565,0.846779074794639,0.8490603686376752,0.0016327419050379119,136
0.1197350025177002,0.0453126212858528,0.0022129217783610025,0.0005203813914761101,0.01,l2,lbfgs,,"{'C': 0.01, 'penalty': 'l2', 'solver': 'lbfgs'}",0.8505101158568217,0.849891915261565,0.846779074794639,0.8490603686376752,0.0016327419050379119,136
0.22942694028218588,0.006009679069248659,0.00222015380859375,0.00034898046645878955,0.01,l2,newton-cg,,"{'C': 0.01, 'penalty': 'l2', 'solver': 'newton-cg'}",0.8505101158568217,0.849891915261565,0.846779074794639,0.8490603686376752,0.0016327419050379119,136
0.24125123023986816,0.01621106126276009,0.0019713242848714194,0.0001579496645356236,0.01,elasticnet,saga,0.0,"{'C': 0.01, 'l1_ratio': 0.0, 'penalty': 'elasticnet', 'solver': 'saga'}",0.8503371952273906,0.849978383052313,0.846779074794639,0.8490315510247809,0.0015994631223760854,139
0.24449467658996582,0.026524248153267416,0.0019357999165852864,0.00010550254853933004,0.01,l2,saga,,"{'C': 0.01, 'penalty': 'l2', 'solver': 'saga'}",0.8503371952273906,0.849978383052313,0.846779074794639,0.8490315510247809,0.0015994631223760854,139
0.07827035586039226,0.010075455457357115,0.002442598342895508,0.00041395823588015105,0.01,l2,liblinear,,"{'C': 0.01, 'penalty': 'l2', 'solver': 'liblinear'}",0.8471381635829155,0.8504107220060527,0.8476437527021184,0.8483975460970289,0.001438416495055022,141
1.043387730916341,0.02454156418527434,0.001916329065958659,5.0044937518848846e-05,0.01,elasticnet,saga,1.0,"{'C': 0.01, 'l1_ratio': 1.0, 'penalty': 'elasticnet', 'solver': 'saga'}",0.8162718312294657,0.8166018158236057,0.8155642023346303,0.8161459497959006,0.0004328548945572142,142
0.9770332972208658,0.018625413801491675,0.0018472671508789062,3.2551485729195764e-05,0.01,l1,saga,,"{'C': 0.01, 'penalty': 'l1', 'solver': 'saga'}",0.8162718312294657,0.8166018158236057,0.8155642023346303,0.8161459497959006,0.0004328548945572142,142
0.14829579989115396,0.01388191576910665,0.0020673274993896484,0.00043024630384356447,0.01,l1,liblinear,,"{'C': 0.01, 'penalty': 'l1', 'solver': 'liblinear'}",0.812208196437835,0.811240812797233,0.8076091655858193,0.8103527249402959,0.00197978049720631,144
0.37879737218221027,0.045423722706025835,0.0017875035603841145,5.554908443269754e-05,0.01,elasticnet,saga,0.3333333333333333,"{'C': 0.01, 'l1_ratio': 0.3333333333333333, 'penalty': 'elasticnet', 'solver': 'saga'}",0.7947432128652948,0.7928231733679204,0.7892779939472546,0.7922814600601567,0.00226380865451454,145
1.497965892155965,0.0852449496050661,0.001864035924275716,4.414386505104084e-05,0.01,elasticnet,saga,0.6666666666666666,"{'C': 0.01, 'l1_ratio': 0.6666666666666666, 'penalty': 'elasticnet', 'solver': 'saga'}",0.787480546429189,0.787029831387808,0.7831387808041504,0.7858830528737157,0.0019491977676263264,146
0.11486983299255371,0.031910313018564326,0.0021557013193766275,0.00041899103122073147,0.001,l2,lbfgs,,"{'C': 0.001, 'penalty': 'l2', 'solver': 'lbfgs'}",0.7281687705343247,0.7322957198443579,0.7329009943795936,0.7311218282527587,0.0021026969558249407,147
0.20348540941874185,0.010467743953817412,0.002421220143636068,0.0003486133132229439,0.001,l2,newton-cg,,"{'C': 0.001, 'penalty': 'l2', 'solver': 'newton-cg'}",0.7281687705343247,0.7322957198443579,0.7329009943795936,0.7311218282527587,0.0021026969558249407,147
0.291010061899821,0.011818467334195915,0.0016898314158121746,7.984550846485398e-06,0.001,l2,sag,,"{'C': 0.001, 'penalty': 'l2', 'solver': 'sag'}",0.7281687705343247,0.7322957198443579,0.7329009943795936,0.7311218282527587,0.0021026969558249407,147
0.3116885821024577,0.023073626097587036,0.0017496744791666667,1.5392725609283946e-05,0.001,elasticnet,saga,0.0,"{'C': 0.001, 'l1_ratio': 0.0, 'penalty': 'elasticnet', 'solver': 'saga'}",0.7279958499048936,0.7320363164721141,0.7324686554258538,0.7308336072676206,0.0020143451177348204,150
0.2905764579772949,0.02066224920011055,0.0017562707265218098,8.390738354821743e-05,0.001,l2,saga,,"{'C': 0.001, 'penalty': 'l2', 'solver': 'saga'}",0.7279958499048936,0.7320363164721141,0.7324686554258538,0.7308336072676206,0.0020143451177348204,150
0.05734443664550781,0.0025430968078590044,0.0021523634592692056,0.0005207719026809315,0.001,l2,liblinear,,"{'C': 0.001, 'penalty': 'l2', 'solver': 'liblinear'}",0.6955732318865641,0.695201037613489,0.6969303934284479,0.6959015543095003,0.0007431978622749568,152
0.3583635489145915,0.0203276469455714,0.0017034212748209636,5.524055519968393e-05,0.001,elasticnet,saga,0.3333333333333333,"{'C': 0.001, 'l1_ratio': 0.3333333333333333, 'penalty': 'elasticnet', 'solver': 'saga'}",0.5403769669721598,0.5422395157803718,0.5392131431041937,0.540609875285575,0.001246439624322772,153
0.05222821235656738,0.005118503623454244,0.002497990926106771,0.0005521862937605145,0.0001,l2,liblinear,,"{'C': 0.0001, 'penalty': 'l2', 'solver': 'liblinear'}",0.5212692374200242,0.5211413748378729,0.5206225680933853,0.5210110601170941,0.00027962087349678186,154
0.09335589408874512,0.014000583152530426,0.0018053054809570312,0.00012205789423401399,0.001,l1,saga,,"{'C': 0.001, 'penalty': 'l1', 'solver': 'saga'}",0.5204046342728688,0.5204496325118894,0.5203631647211414,0.5204058105019665,3.531012456671546e-05,155
1.5418748060862224,0.06125981002050221,0.001741647720336914,0.00012386405459139508,0.0001,l2,sag,,"{'C': 0.0001, 'penalty': 'l2', 'solver': 'sag'}",0.5204046342728688,0.5204496325118894,0.5203631647211414,0.5204058105019665,3.531012456671546e-05,155
0.7161888281504313,0.01866078958870964,0.001577456792195638,1.1393204331370941e-05,0.0001,l2,saga,,"{'C': 0.0001, 'penalty': 'l2', 'solver': 'saga'}",0.5204046342728688,0.5204496325118894,0.5203631647211414,0.5204058105019665,3.531012456671546e-05,155
0.023110230763753254,0.005486328815203003,0.0018039544423421223,2.6946808055849947e-05,0.001,l1,liblinear,,"{'C': 0.001, 'penalty': 'l1', 'solver': 'liblinear'}",0.5204046342728688,0.5204496325118894,0.5203631647211414,0.5204058105019665,3.531012456671546e-05,155
0.0988634427388509,0.017961250778952553,0.0017902056376139324,8.914779256051718e-05,0.001,elasticnet,saga,1.0,"{'C': 0.001, 'l1_ratio': 1.0, 'penalty': 'elasticnet', 'solver': 'saga'}",0.5204046342728688,0.5204496325118894,0.5203631647211414,0.5204058105019665,3.531012456671546e-05,155
0.12328942616780598,0.02151337164627311,0.0018164316813151042,0.00010886383662986206,0.001,elasticnet,saga,0.6666666666666666,"{'C': 0.001, 'l1_ratio': 0.6666666666666666, 'penalty': 'elasticnet', 'solver': 'saga'}",0.5204046342728688,0.5204496325118894,0.5203631647211414,0.5204058105019665,3.531012456671546e-05,155
0.1570263703664144,0.016112512299436253,0.0018442471822102864,1.4212538368975325e-05,0.0001,l2,newton-cg,,"{'C': 0.0001, 'penalty': 'l2', 'solver': 'newton-cg'}",0.5204046342728688,0.5204496325118894,0.5203631647211414,0.5204058105019665,3.531012456671546e-05,155
0.04469172159830729,0.019112093480706853,0.0018044312795003254,6.347857046339196e-05,0.0001,l1,liblinear,,"{'C': 0.0001, 'penalty': 'l1', 'solver': 'liblinear'}",0.5204046342728688,0.5204496325118894,0.5203631647211414,0.5204058105019665,3.531012456671546e-05,155
0.10747512181599934,0.02907960178999898,0.002565781275431315,0.00038163868487027844,0.0001,l2,lbfgs,,"{'C': 0.0001, 'penalty': 'l2', 'solver': 'lbfgs'}",0.5204046342728688,0.5204496325118894,0.5203631647211414,0.5204058105019665,3.531012456671546e-05,155
0.021308263142903645,0.00042485032730027423,0.001667022705078125,4.2027995404025024e-05,0.0001,l1,saga,,"{'C': 0.0001, 'penalty': 'l1', 'solver': 'saga'}",0.5204046342728688,0.4795503674881107,0.5203631647211414,0.506772722160707,0.0192491190338917,164
