kernel,C,coef0,degree,gamma,tol,mean_test_score
rbf,166.51827928295072,,,0.7373376477764587,0.060660660675569515,0.96123
rbf,196.1088745008887,,,0.7090841309718959,0.6292713732444999,0.96103
sigmoid,704.4080770860264,-3.9281225850465606,,,0.0001,0.9606
sigmoid,681.4189482604929,-2.5423004795527717,,,0.4185524869089051,0.96046
sigmoid,255.37387943839113,-3.0999245528724706,,,0.0001,0.96043
sigmoid,674.3142710656138,-3.7319811666165847,,,0.3467579738426032,0.96037
rbf,804.573149276835,,,0.5621040791285903,0.46177208169549,0.96011
rbf,348.2096062454642,,,1.0560971085756692,0.6010615483920032,0.95988
rbf,274.36775620693237,,,1.1353923662491812,0.8862189085522318,0.95965
rbf,799.8884207654272,,,0.6538728430916235,0.8629835632805968,0.95956
rbf,963.7492410419163,,,0.8391319968231226,1.085915461304976,0.95922
sigmoid,893.7374094691846,-4.674614191958494,,,0.14776696834316358,0.95904
rbf,267.59421353910136,,,0.44218814212025115,0.768578886734785,0.9587
rbf,332.10394186324953,,,0.45100842946771413,0.8966520719050519,0.95864
rbf,663.7265794707812,,,0.42237374220969737,0.7163512829085074,0.95855
rbf,898.8720212109129,,,1.2107255187939525,1.0815672716329434,0.95855
rbf,372.2359110291162,,,0.3126793761356539,0.4054982203391972,0.95798
rbf,541.2247525070902,,,0.28403232564172376,0.3831141127493065,0.95798
rbf,121.61587727160277,,,0.396896363805177,1.2352439264816588,0.95789
sigmoid,889.3089710490042,-1.8855763914203294,,,0.00853050839479018,0.95778
sigmoid,50.85457496591077,-3.1087766898892544,,,1.526310906331325,0.95769
sigmoid,659.769114964364,-1.7466239627796618,,,0.2043151636272957,0.95769
rbf,818.6658571730497,,,0.3061065704690491,0.7887629809472344,0.95729
sigmoid,655.3649073160378,-2.6318568757199685,,,1.413785663654864,0.95726
rbf,657.2458283218743,,,0.32238000578438397,0.8576849816041316,0.95714
rbf,142.09417539888352,,,0.3275832547994084,1.3764094530500317,0.95697
rbf,727.426540432319,,,0.4563925882127584,1.3734789402550753,0.95648
rbf,928.19247062518,,,0.23851432576708465,1.038130212784552,0.95616
rbf,128.43188703125708,,,2.4506348644430496,1.723835291246816,0.9561
rbf,289.7260545242508,,,0.16114120248098163,0.6130353812233666,0.95587
sigmoid,899.7713529997058,-2.7056094056017663,,,1.8261103018885905,0.95573
rbf,918.7506629419947,,,2.448303148309562,1.6642637945295162,0.95561
rbf,834.8655275019746,,,0.15461247417759783,0.2601384847017925,0.95547
rbf,922.8392052139347,,,0.27831127917589793,1.323561392348603,0.95518
rbf,173.79365502420114,,,1.3632786819791132,1.8746147339419046,0.9551
rbf,905.370652957834,,,0.12618607891389688,0.5479056990148221,0.95501
sigmoid,689.0414453437371,-1.9166456060098405,,,1.6081014681369803,0.95498
rbf,158.28579921485658,,,0.12424877991356442,0.9524671747615188,0.95481
rbf,365.97174630832404,,,0.3543616932012855,1.5620840788184085,0.95481
rbf,527.036346492387,,,1.8995456515261133,0.250554499983463,0.95475
rbf,336.56249324428165,,,0.43613802280294545,1.6799932374422746,0.95475
sigmoid,695.8027404555975,-1.313430970002734,,,0.0001,0.95455
rbf,719.810096651768,,,0.5574096522971445,1.6733245328696056,0.95443
rbf,135.575683605273,,,0.0867433216374991,0.7454059627311053,0.95403
linear,3.4836707183532347,,,,0.006239065738935322,0.95391
linear,3.5230548019501016,,,,0.2605186547458603,0.95391
linear,3.7974912894789306,,,,0.0025776272164502985,0.95374
rbf,193.71432496002404,,,1.6546998757890057,1.924623943883697,0.95368
rbf,937.7518329232232,,,0.08387470974334954,0.835403092579498,0.95365
rbf,893.2054944897742,,,0.07769843799525722,0.43235755738648096,0.95337
linear,4.527184319985438,,,,0.0973982456425727,0.95331
rbf,911.7010690454969,,,0.33769474027342816,1.5543698781155408,0.95331
rbf,985.7511535738132,,,2.461318963991758,1.479602699564517,0.95308
linear,4.944378910268708,,,,0.030729846207727455,0.95285
rbf,978.0871741846461,,,0.06989044631005914,0.015706420310849182,0.95273
rbf,854.6071738479075,,,0.06502375791337445,0.2553319092650991,0.95259
linear,5.984541429460249,,,,0.05273769374918235,0.9525
linear,5.4247133512428425,,,,0.49703952080935954,0.95244
linear,3.759357235534266,,,,0.9104289178911058,0.9523
rbf,713.2050975353222,,,0.1054886024352314,1.5910335311072978,0.95193
rbf,850.4168035451756,,,2.2258039598374295,0.9003595843998619,0.95184
linear,7.136639535131147,,,,0.20124079905434594,0.95178
poly,7.470658426725413,6.23409138537199,1.9108385135752881,0.38658383310060385,1.1727837622755526,0.95129
rbf,262.33997247929324,,,0.10015265853634103,1.7283363523652158,0.95126
sigmoid,261.030535949331,-1.3975011877702848,,,1.8668808249582838,0.9512
linear,8.931524852773542,,,,0.07418420938980379,0.95112
rbf,378.98435849097865,,,0.12362860341896209,1.7360619271416728,0.95086
poly,0.6780093512323581,-10.018656787303275,1.3831356766452139,9.29069245873281,1.2789783627990121,0.95083
rbf,971.1129356342848,,,0.2655512897737472,1.7732701813778518,0.9508
rbf,826.956423373132,,,0.025316847734679904,0.665582854364544,0.95077
linear,11.074206474121798,,,,0.061179333907350704,0.95069
rbf,875.0044294828737,,,0.05896842695826576,1.330508739967638,0.9506
rbf,811.5280757294997,,,0.10055709343415764,1.7075999363611507,0.95051
sigmoid,677.2198941156655,-1.3033748623042385,,,1.7509107857993491,0.9504
linear,13.51050953305098,,,,0.002233029826216435,0.95031
linear,21.497659691289027,,,,0.37486082824804207,0.94999
sigmoid,51.91112055989588,-0.6648787194101047,,,0.007567939061289862,0.94976
linear,23.75530392653382,,,,0.36618724595227686,0.94965
linear,19.6066520623282,,,,0.009151883364272414,0.94956
linear,31.8737581893299,,,,1.1056113167660324,0.94942
linear,27.460979178651915,,,,0.056492248770810494,0.94925
poly,329.1919840346345,1.8976619064283504,5.0,0.0,2.0,0.94907
linear,18.803555671744185,,,,1.5279499908094365,0.94899
linear,29.933042690677198,,,,0.0001,0.94873
linear,35.0442600050865,,,,0.04351276843699858,0.94852
rbf,704.5324849114821,,,0.035426391784972866,1.7719916462131824,0.94815
linear,40.69578681852245,,,,0.033284167868214656,0.94809
sigmoid,656.5899537756426,-5.0141964120648055,,,1.8248320989853895,0.94803
linear,49.197359008221135,,,,0.10182660019924285,0.94801
rbf,868.6296363168183,,,0.06109518567874728,1.8384120052842154,0.94798
linear,72.6786493313624,,,,0.5211038058511224,0.94789
poly,685.531837004179,6.075116762752472,1.063992485246462,0.09065169359547487,0.9099738638871055,0.94783
linear,37.82615351104629,,,,1.3658918755389826,0.94775
linear,56.65094786170025,,,,0.08842913533533049,0.94772
linear,59.92314680659194,,,,0.07801697582154016,0.94752
linear,44.057370230064265,,,,1.5118511084650732,0.94737
linear,5.366257162113042,,,,1.9607698215196894,0.94723
poly,19.560212347242558,-9.415769394427556,1.1865799772583658,4.328183068126914,0.7385078214173799,0.94711
linear,80.71595387122892,,,,1.0815672716329434,0.94708
linear,126.34528687082062,,,,0.2311366960952634,0.94703
linear,157.4383559969559,,,,0.6880097768149909,0.94682
linear,85.30354078611253,,,,0.068226503329877,0.94674
linear,79.51195259102714,,,,1.5215017022351804,0.94668
linear,75.62024903736665,,,,0.02380985700839756,0.94665
linear,121.20383763013014,,,,0.16167577254125745,0.94654
linear,112.33867905463534,,,,0.15612976186141245,0.94651
linear,21.786792469836815,,,,1.8856838249727674,0.94651
linear,95.74106115744517,,,,0.0062723995454944965,0.94648
linear,174.76053105255073,,,,1.1906658978297506,0.94645
linear,169.04580955856136,,,,0.5197137838406017,0.94642
linear,101.24652970764589,,,,0.0001,0.94642
linear,89.87947866946234,,,,1.5952310328534347,0.94636
linear,163.22104666709424,,,,1.6642637945295162,0.94631
linear,198.82179185564394,,,,0.4512391535955539,0.94622
linear,53.50175328466064,,,,1.7978093164037983,0.94616
linear,204.75816583806173,,,,0.42608926436857736,0.94607
linear,143.1218057397432,,,,0.09618822135140895,0.94602
linear,29.784386631328754,,,,2.0,0.94584
poly,484.3970803345221,-3.022567475824835,5.0,0.0,2.0,0.94564
linear,193.01312250550242,,,,0.01830445271752071,0.9455
poly,43.592479281252025,-2.7414658076784484,1.035666897178574,5.579202690145079,0.4643368000097499,0.94541
linear,221.14775880439728,,,,0.048660298851867546,0.94538
linear,227.45865619396562,,,,1.6238569687270268,0.94538
linear,236.00899938437902,,,,1.5985783327072847,0.94535
linear,68.564800537828,,,,1.7471573804535712,0.94533
linear,252.6091427713231,,,,1.5930786866293496,0.9453
linear,258.2195164373041,,,,1.0727777014253415,0.94521
linear,247.07438898824932,,,,0.3705635206022573,0.94518
linear,297.7457227434576,,,,0.30187020664972647,0.94501
linear,34.19949927599283,,,,2.0,0.94484
linear,8.477013861475886,,,,1.973151080166825,0.94484
rbf,747.6843760219405,,,2.9548831876062764,1.3992199864025228,0.94475
linear,62.9950292329672,,,,1.8861752011976265,0.94475
linear,152.02541045697416,,,,1.8529024118507453,0.94466
linear,267.19751931936264,,,,0.045023760996373736,0.9446
linear,110.31421473927534,,,,1.924623943883697,0.94449
linear,123.53534904293667,,,,1.855262374952257,0.94449
linear,15.376851210838502,,,,1.9991692572629622,0.94437
linear,25.794030723678844,,,,1.9844951242138735,0.94429
linear,347.31427561829787,,,,0.3262944078034727,0.94426
sigmoid,656.306202626915,-5.221771282901514,,,1.6348956942876551,0.94417
linear,334.7532898189005,,,,0.387507665995218,0.944
poly,12.351413466415275,2.0476083944014576,1.1696712273822234,13.834768703522412,1.866451757850874,0.94397
linear,41.60382767524546,,,,1.97925686378158,0.94391
linear,180.5601539051681,,,,1.7124580534290161,0.94388
poly,283.6591082403686,16.3913106641146,1.449351165569707,1.1702817280469957,1.4333087288856101,0.94342
linear,390.25619308928054,,,,0.19031700604804347,0.94337
linear,211.18975374037856,,,,1.8443810948249602,0.94334
linear,47.35379092614711,,,,2.0,0.94319
linear,241.45137644594476,,,,1.8517271063646359,0.94311
linear,131.42594204453474,,,,1.8535187281872152,0.94311
linear,310.8304889265555,,,,1.637992542715628,0.94305
linear,377.0311515070462,,,,1.8095183036127627,0.94293
poly,119.83181054960946,2.228301202167998,2.6267243926232418,1.2156887586312632,0.9452490255871665,0.94273
linear,910.1724896451833,,,,0.913830354298162,0.94267
linear,656.306202626915,,,,0.7389744902831314,0.94259
linear,138.71777451937197,,,,1.9012580722891774,0.94256
linear,686.4955081211392,,,,0.9811500929250139,0.94247
poly,454.313905313754,-19.248992288001972,1.0785623408490919,1.4785076351758604,0.9427747547316598,0.94239
poly,84.46512863293094,19.875932283237184,1.4822886369329096,9.709188372996243,0.8234461371783625,0.94236
linear,553.7588913880885,,,,0.9317029337793744,0.94236
linear,116.75485682473808,,,,2.0,0.94233
linear,541.5418470442794,,,,0.45655184715451363,0.94218
linear,504.6570201295357,,,,0.5154924495197631,0.94215
linear,716.6404798124312,,,,1.0445948643381846,0.94207
linear,428.8897029221609,,,,0.04144250260673596,0.94207
poly,725.6712660189423,5.402877710885051,5.0,0.0,2.0,0.94204
poly,564.5775118623653,-13.40784492532649,1.320207657094023,1.8145160567695955,0.6870040487121037,0.94198
linear,474.1494878908603,,,,1.2660294422759018,0.94198
linear,458.8393821571706,,,,0.18120585232902925,0.94187
linear,529.3555700692592,,,,1.581989739935358,0.94184
linear,938.6699596921432,,,,0.8551161747631691,0.94184
linear,739.2242096898051,,,,1.125201794545437,0.94178
linear,759.58568635289,,,,0.7941495487520949,0.94175
poly,130.57498124016655,-15.587950217808624,1.4565964169813062,7.001529781461803,0.5885567306068337,0.94172
linear,402.11611594909857,,,,1.6604146763704468,0.94164
linear,517.1991303336955,,,,0.40809387074596953,0.94164
linear,599.8261699080462,,,,1.585636079368868,0.94161
linear,283.6591082403686,,,,1.8195745549290698,0.94158
linear,628.3350783410317,,,,0.4463042466708211,0.94158
linear,779.802722994727,,,,0.9885035006860862,0.94158
linear,902.2480535945668,,,,1.3453288655859266,0.94152
linear,671.2979592614975,,,,0.21422809471102064,0.94132
linear,860.1934149514076,,,,0.3307859195185677,0.94126
linear,999.9927687499061,,,,0.5224769672440424,0.94117
linear,798.2318209347194,,,,0.41576283823315674,0.94115
linear,576.6112040436951,,,,0.095866152309746,0.94106
linear,323.55106106592797,,,,1.9247965619871217,0.94089
poly,80.71595387122892,1.6304269540065697,1.1513007653449505,10.243951264105574,1.1996915568906583,0.9408
linear,614.0592419024962,,,,0.07826930136005131,0.94057
linear,415.6840976226642,,,,1.9021169453426439,0.94057
linear,565.1135567121993,,,,1.7253583058976372,0.94054
linear,362.2489141171824,,,,1.9591899188701585,0.94051
poly,196.21191522847425,19.448609613717906,1.4399384834924986,13.038050673635688,1.3996808866715653,0.94043
linear,817.4389016410626,,,,1.8375092883269835,0.94031
linear,953.0794013192317,,,,0.1425833691592249,0.94028
linear,879.7293362845581,,,,1.7977539529736575,0.94017
linear,839.1177666122464,,,,0.08948101550791691,0.94002
linear,868.3274610472948,,,,1.6314091193760654,0.93999
linear,489.58004190220123,,,,1.9283375201724573,0.93979
poly,628.9224810575435,5.120239350104568,1.0,15.0,1.026175561563132,0.93965
linear,588.1774598466843,,,,1.8655089964212765,0.93962
linear,442.8383657517766,,,,1.9753170568410512,0.93962
linear,642.5109917321946,,,,1.9554281571310081,0.93942
poly,545.0736826312684,19.9722860934706,4.267887430768845,4.274493156262274,1.01118335682146,0.93936
linear,865.0473866908836,,,,1.704838706621055,0.9393
poly,847.2290396577118,19.4042135396012,3.675391449035918,0.7113556223271694,0.23232966192355853,0.93927
poly,646.2758446891603,-10.428066296861967,1.080415270542534,14.177350925166003,0.44401364272239335,0.93919
linear,984.6066820607848,,,,1.8102048290370323,0.93881
linear,701.5414619295567,,,,1.8223443707772289,0.93875
poly,237.3736154679077,20.0,1.3803387911605876,15.0,0.0001,0.93873
poly,859.7028010693195,8.105568568535478,1.290204583977704,4.443470767627097,1.414477826364087,0.93861
linear,924.1462166505676,,,,1.9336226844516178,0.93852
poly,317.3773725537344,-3.8136570193193555,1.0,15.0,0.0001,0.93849
poly,969.9813753234973,9.323617650105106,1.2062121367049476,14.480109366158105,1.3573941337475297,0.93838
poly,51.01884688816881,20.0,1.0,15.0,2.0,0.93826
linear,968.4492067758713,,,,1.9966347435586043,0.93826
poly,478.5527230029001,11.502177655602168,4.588080751894939,0.3939105344794114,0.34766688319852884,0.93798
poly,473.1711667557665,-13.02980319102894,1.0,15.0,0.0001,0.93795
poly,470.24773847909745,1.4939475326805318,1.0,15.0,0.0001,0.93792
poly,611.6936043660776,11.004619618711562,3.9068280550976735,0.5715828508540544,0.06778673148267232,0.93737
poly,69.18650913343384,18.130592442480147,1.0,15.0,2.0,0.93737
poly,723.3576671750419,6.750423011603737,1.0,15.0,0.0001,0.93711
poly,9.992141320236302,19.493543398626166,1.6391489318951722,14.73724313575534,1.5301792855908727,0.93697
poly,304.4691456208135,-20.0,1.0,15.0,2.0,0.93679
poly,351.69313015842187,8.314573305132697,3.3134744543162413,1.8970714045574928,1.3302153003862784,0.93671
poly,616.7042465939467,20.0,1.0,15.0,2.0,0.93642
poly,849.9119892368951,20.0,1.0,15.0,2.0,0.93625
rbf,198.82179185564394,,,3.3837128376085346,1.426136643217501,0.93604
poly,669.7563923908,7.206309789393757,3.8153577714940394,1.5628409145381656,1.590440416473571,0.93596
poly,629.0573069463965,-11.004638675929497,5.0,0.0,0.0001,0.93593
poly,825.9792035337493,18.977794257573642,1.6838432612094127,14.336486077751239,0.27002614212978965,0.93581
poly,898.8731743194312,20.0,1.0,15.0,0.0001,0.93576
poly,244.24871416307855,20.0,5.0,0.0,0.0001,0.93576
poly,177.69761985707495,20.0,5.0,0.0,2.0,0.93555
poly,949.3698510712697,20.0,1.0,15.0,0.0001,0.9355
poly,236.656672998994,-20.0,5.0,0.0,0.0001,0.93541
poly,731.7404545300791,19.306350938043998,2.29637086438026,5.109700815905454,1.6676430341844668,0.9353
poly,29.134929091582546,14.66195018580133,1.568039362526295,9.538420513504152,0.8354949111207631,0.9353
poly,319.22642788576974,-19.377257194936465,5.0,0.0,0.0001,0.93527
poly,713.0542612534916,1.0814349411304214,1.5065455070736302,1.8785026750097233,0.5639610848275567,0.93506
poly,807.315832407783,-1.2020172605703312,1.0,15.0,2.0,0.93504
poly,867.6728329970525,19.724597437800142,1.9670078115347311,11.620392201090365,0.37678517647106485,0.93469
poly,350.78718163038303,9.569592931959914,3.4353674347199337,2.126361565620178,0.5070934093185215,0.93457
poly,497.7289861689484,18.12084697282915,3.9666673325500295,0.4266596014977475,0.6129463750324925,0.93437
poly,310.8304889265555,12.759488828754002,2.3390104982861004,2.9057027801031405,0.2207156187726955,0.93408
linear,0.042980053394831824,,,,0.9014118837906527,0.93388
poly,646.9411757557734,19.80525585136492,2.381165393522554,14.842401557747237,0.9162469823012458,0.93385
rbf,956.2777554497719,,,0.0,0.0001,0.93342
rbf,947.3405089909378,,,0.0,0.0001,0.93334
poly,648.3635832522973,7.720076062814066,3.9070069908943355,0.6833230788816907,1.0655235093211441,0.9331
poly,631.0384637033002,19.472029932581783,1.992706533019775,1.8561319408650323,0.0032181787530641166,0.93256
poly,962.3101251361334,14.60189006952541,4.409647895636892,1.1926654815308884,1.5215017022351804,0.93253
poly,985.8672366679072,15.748433774753543,2.194582355382008,4.790198520307293,0.9905555576163347,0.93198
poly,461.4504076243352,3.515587750580771,3.4050409506114105,3.658344021383857,1.3605884363759349,0.93152
rbf,534.1146669691243,,,4.280410256255677,2.0,0.93146
poly,792.8078872607573,0.18626099144242048,2.0308364408615693,2.9823148601495193,0.4512391535955539,0.93028
poly,160.68787920512494,18.853854681806247,2.870789830825009,13.454240464163284,0.3499350028708571,0.92953
rbf,742.1778440906509,,,0.0,0.0001,0.9289
poly,806.9085329757118,17.746532429172753,4.065763753862164,7.079275427499282,1.2091131145732095,0.92884
poly,481.2384150887708,14.37229156885185,2.8168880868787447,14.62742013888242,1.5611428922038466,0.9287
poly,140.7768369283967,5.296913329887143,2.858847946775735,7.8262457639982514,0.7590370066432752,0.92769
rbf,991.620723767542,,,0.0,2.0,0.92492
poly,217.82879056396254,18.011988508662057,4.645757332189664,5.098315501543489,1.8920690482722835,0.92483
rbf,883.6421354391487,,,0.0,2.0,0.9238
poly,885.411866360188,20.0,1.0,0.0,2.0,0.92371
rbf,843.016322478163,,,0.0,2.0,0.92325
poly,119.55532917286341,17.56748875971163,4.5119308802641775,13.629663277322482,0.4248654455987984,0.92302
rbf,701.0133507809411,,,7.279428673101532,1.9984420469851794,0.92276
rbf,281.945357701121,,,4.337199045886766,1.7457332771598622,0.92267
poly,522.2740235728388,18.737967009001856,4.993269150574737,13.195938240206612,1.7977539529736575,0.92166
sigmoid,53.79858854596477,2.443638996735844,,,2.0,0.92158
sigmoid,801.0894586315508,-0.64152508486218,,,0.0001,0.92155
poly,544.6745606072535,1.7158807301012036,3.0401916741522768,7.197503264513203,1.1518762683406494,0.92143
rbf,533.6540096747962,,,0.0,0.0001,0.92071
rbf,266.25567309806434,,,4.808068214769511,2.0,0.92025
poly,786.7276312822053,20.0,5.0,15.0,0.0001,0.92016
poly,976.2062254807911,-4.852419028157786,1.0494630398327607,0.0,0.3624387085454971,0.92013
sigmoid,57.637829714268555,-4.7283195823831505,,,1.2485548941771285,0.91973
rbf,859.9451038724079,,,0.0,2.0,0.91953
poly,262.97315259563794,20.0,3.66665784338363,10.720578393120975,0.5519443716924111,0.91921
poly,417.94870923207407,20.0,5.0,15.0,2.0,0.9191
poly,459.29854482982597,20.0,5.0,15.0,2.0,0.9191
poly,328.2228728363534,20.0,5.0,15.0,2.0,0.9191
rbf,734.1279640258691,,,0.0,2.0,0.91682
rbf,697.278631349433,,,0.0,2.0,0.91613
rbf,855.8331629191551,,,5.41317754323515,1.9285172765358125,0.91402
poly,289.1473139125147,14.914411263760428,4.606806605271734,13.986678463476467,0.2010428947839867,0.91267
poly,570.3320022219316,7.327789860708613,4.096566279539324,10.938873418251053,1.5968361957576571,0.91204
poly,504.51160214446685,0.7083325104747509,2.5270528193113018,14.49634896617883,0.34295304783375,0.9099
poly,584.0006160238237,-9.126414858775458,1.0,0.0,0.5881428509664497,0.90774
rbf,341.7682280016296,,,0.0,0.0001,0.90731
poly,711.1765318916913,20.0,1.0,0.0,0.0001,0.90492
poly,672.6483925481579,14.733093174984965,4.262781377821022,13.652585997263747,0.913830354298162,0.90466
poly,681.3933037286993,20.0,1.0,0.0,0.0001,0.90382
poly,371.2229896385122,20.0,1.0,0.0,2.0,0.90359
sigmoid,256.51401001728794,4.285843021416632,,,0.9955943178090582,0.90244
rbf,804.7056467565108,,,5.974733012455559,1.7009028871163785,0.90042
poly,180.5454101049363,7.7954681657353655,5.0,15.0,2.0,0.8999
poly,589.7612639529295,20.0,1.0,0.0,0.0001,0.89982
rbf,656.306202626915,,,5.541835768911932,1.6348956942876551,0.89967
rbf,706.1823752708117,,,4.354656801486625,0.0319529132822975,0.89886
poly,525.8123903325463,5.890937708683119,1.0,0.0,0.0001,0.89826
rbf,740.9983462938777,,,6.943128281873402,1.8883712133535138,0.89734
sigmoid,887.7819194729445,-5.835942522100459,,,2.0,0.89734
poly,739.2242096898051,2.5031610489611857,4.119210011188919,7.413396924991896,1.8045056868894611,0.89719
rbf,257.5866918294662,,,0.0,0.0001,0.89714
poly,388.7712980127883,7.4010324696629235,5.0,15.0,2.0,0.89713
poly,816.4236027493166,5.174634187126345,1.0,0.0,2.0,0.8942
sigmoid,687.3121953325477,3.6056157588522417,,,1.679838401818178,0.89316
poly,468.5291155305844,-9.46558600868369,1.0,0.0,0.0001,0.89313
poly,116.06555233866112,-18.54526957435969,4.971294439280154,0.08652752312118428,0.47433315259729786,0.89022
sigmoid,807.6870341678945,5.673075635365009,,,1.6206220565614853,0.89016
poly,440.6171241942637,20.0,1.0,0.0,0.0001,0.8897
rbf,358.0030497670171,,,0.0,2.0,0.88895
sigmoid,904.5551247649965,-6.546999786238885,,,0.17524458127059703,0.88814
poly,403.6954407229643,-9.336359211285322,1.0,0.0,0.0001,0.88581
poly,643.6984458428972,3.2378649923136478,5.0,15.0,0.0001,0.88563
poly,399.42335213590866,20.0,1.0,0.0,0.0001,0.88523
sigmoid,820.5267229309395,-6.5106530025239095,,,1.5940423412588396,0.88408
sigmoid,800.797446124969,5.209941412771549,,,1.810349834706156,0.88399
sigmoid,907.3993636149024,-0.3116393457075498,,,2.0,0.8799
sigmoid,61.16283573464695,0.9250711363266286,,,0.0001,0.87909
rbf,281.71564618063786,,,0.0,2.0,0.87791
rbf,297.8686678425213,,,0.0,2.0,0.87589
poly,558.6160964622356,7.838815668490189,1.0,0.0,2.0,0.87448
sigmoid,675.752916140761,4.057896352862951,,,0.7848640907863829,0.87393
sigmoid,249.22769688855615,0.7309678096483495,,,0.0001,0.87391
sigmoid,267.25434581410394,1.8394292237277021,,,0.2837838454577629,0.87266
sigmoid,815.7792670214811,2.4368483807090264,,,2.0,0.87183
poly,227.9683166699942,-0.7457783692266307,3.510115442016026,15.0,0.3473160761902079,0.87143
sigmoid,702.0604629470514,0.9960226032233841,,,1.1402791214804247,0.8703
sigmoid,893.4211199518812,2.0509010749027894,,,2.0,0.86849
sigmoid,899.7213082385614,1.77241832636647,,,0.23940802494089738,0.86814
poly,200.50853728788928,2.240344761959655,1.0,0.0,0.6222541004140256,0.86774
sigmoid,810.1523525557047,-0.10346601940048572,,,0.02119381105898726,0.86621
rbf,204.24817681453175,,,0.0,2.0,0.86039
sigmoid,669.3068791523864,0.30723048601002034,,,1.30210005333657,0.86001
sigmoid,698.9819087766258,6.145937758833885,,,1.2515394800027273,0.86001
rbf,184.46251757025323,,,0.0,2.0,0.85903
sigmoid,662.5955348206908,3.212938093712701,,,1.7497977937284521,0.85661
poly,67.89608345181621,-0.0993708326997087,4.727341960293237,6.916369747455776,0.0858850119002228,0.85503
poly,215.0226619494248,-20.0,1.0,0.0,0.0001,0.85396
sigmoid,45.555826370574124,1.309535663206045,,,1.3885992634611055,0.85307
rbf,151.26871313827507,,,0.0,2.0,0.84713
poly,133.2259324655759,20.0,1.0,0.0,2.0,0.84595
sigmoid,822.1227078466254,0.8916887391250086,,,0.1246042097157343,0.84555
sigmoid,682.0448442966314,2.3764150768059267,,,0.2638643023798586,0.84531
sigmoid,792.8078872607573,0.18626099144242048,,,0.5154924495197631,0.84459
poly,294.3114185426547,-4.62381525624315,1.0,0.0,2.0,0.84209
sigmoid,657.6709211617288,2.1610029530655446,,,0.0001,0.83975
sigmoid,65.94600055510125,-6.244940044475914,,,1.3062470212985362,0.83972
sigmoid,692.8164271823841,2.164449900711226,,,0.09506612584589945,0.83964
sigmoid,709.5001657766422,1.1498022784584272,,,0.027779039240408417,0.83958
sigmoid,883.5880579292987,1.3039663115129372,,,1.8039168946523088,0.83845
poly,263.5029714192719,-0.593852193621729,1.0,0.0,2.0,0.8275
poly,124.55639156225541,-2.0250149336101213,5.0,15.0,0.0001,0.82739
sigmoid,902.2480535945668,6.905922607848925,,,1.7366678260163109,0.82249
poly,102.95467585204744,20.0,1.0,0.0,2.0,0.81805
rbf,995.4145641480688,,,6.672099169215369,1.288892167313709,0.81318
sigmoid,8.917715377919224,-5.122126159613121,,,0.4643368000097499,0.7943
poly,999.35314792895,-4.478339559304917,3.1363633312033494,14.928732416525474,0.42667888876314003,0.79104
poly,440.52041329016674,-4.94103678810867,3.521863039553511,13.144954846532942,0.9116549915138356,0.78911
rbf,830.4820879800802,,,5.774325306517719,2.0,0.78023
rbf,520.067628724599,,,5.324233551879345,0.3631410496052865,0.77701
rbf,713.402757342523,,,7.022901809575851,1.5081384053866034,0.76922
poly,45.721431864904936,13.520295798172324,1.0,0.0,2.0,0.74403
rbf,194.72031827693232,,,5.43803415193554,0.6955994459561631,0.73207
sigmoid,647.4832768005501,-8.056825279885686,,,2.0,0.7115
sigmoid,659.8468800681505,-7.793364259619429,,,1.2497716490220552,0.6716
sigmoid,915.9062843875288,6.518006167790311,,,0.0001,0.67109
poly,89.0599442576923,-8.770930250530778,1.6083307501831001,11.64659564326441,1.3308134829445333,0.65722
rbf,8.917715377919224,,,5.579202690145079,0.4643368000097499,0.65227
rbf,945.8431607712456,,,9.188622347032519,1.986342655698497,0.64463
poly,246.64881080723129,-18.6764506734081,3.16098941287157,14.930733039149038,0.4681390344708106,0.63045
sigmoid,335.8821109037304,6.978181740624269,,,1.7295535081847047,0.63004
rbf,347.3575039092483,,,7.8158552570268025,2.0,0.61816
rbf,725.3751450825071,,,7.1253134549922965,1.1974164267204817,0.61802
rbf,175.71406182873386,,,8.3576981646248,2.0,0.6103
rbf,45.555826370574124,,,7.9910758737022665,1.3885992634611055,0.56764
poly,357.9944258827226,-15.482205524495253,2.5291812263283697,13.285086829016105,1.7045397171008236,0.56566
rbf,292.9796399704315,,,5.89286770355052,0.0001,0.56413
rbf,902.2480535945668,,,10.089720977943347,1.7366678260163109,0.55364
rbf,666.0979441135021,,,9.190396390954563,1.4021401720361935,0.55182
rbf,329.0880823791055,,,6.146778863393128,0.1554970326937017,0.54836
rbf,207.37727712349053,,,9.310316924923143,1.061127443964616,0.54709
rbf,648.3635832522973,,,10.395028523555276,1.4535308202723953,0.54577
rbf,37.82615351104629,,,10.243951264105574,1.1996915568906583,0.54464
rbf,529.9268070916481,,,11.973182137664757,1.6911100245410504,0.54439
rbf,382.88671135405355,,,6.4563952025465605,0.0001,0.54361
rbf,161.2790065024791,,,6.486042772329451,0.23414282297712738,0.543
rbf,78.01970385101785,,,10.749602946789414,1.0445948643381846,0.54136
rbf,704.3789605308548,,,13.620208561438917,1.7113497726018507,0.54073
rbf,913.649787395076,,,6.791141829457235,0.6901634784458623,0.54003
rbf,958.8383641034535,,,6.89284657991366,0.09528080535699267,0.53966
rbf,968.4492067758713,,,14.974759314655264,1.759470459105947,0.53963
rbf,117.71236656624987,,,6.929505564799867,0.0783121763679546,0.53943
rbf,980.7897601293577,,,7.119658108266686,0.34998554530181075,0.53842
rbf,544.2234823118736,,,7.148765778587042,0.24931506908851672,0.53836
rbf,693.3731988725513,,,7.130353353515304,0.5353377672469797,0.5383
rbf,273.1462232034108,,,7.1581454929749,0.6713570801355673,0.53828
rbf,365.97437596344696,,,7.7364438822124635,0.9771806988268503,0.53816
rbf,442.8383657517766,,,14.81486866974137,1.4784739754326166,0.53727
rbf,792.8078872607573,,,7.569847871790907,0.5154924495197631,0.53701
rbf,886.5146283943398,,,7.68315961669009,0.37542170590706847,0.53669
rbf,844.8100423740525,,,8.099919004125887,0.39192397681783603,0.53554
rbf,133.81362816189832,,,8.637531799807384,0.5326582337269031,0.53441
rbf,926.7089943950606,,,9.266052710265992,0.0001,0.53335
poly,153.32997023925714,-16.90958477986671,2.7519811422049907,15.0,0.0001,0.53176
rbf,562.5794636450034,,,11.697037541958448,0.9885035006860862,0.53072
rbf,255.8207443862722,,,11.254579278167162,0.5728536224602051,0.53067
rbf,310.8304889265555,,,12.28480831078275,0.6695717738805931,0.53003
rbf,865.0473866908836,,,12.786179608638344,0.15911411310090826,0.52986
rbf,760.7391273231052,,,12.90289912717024,0.3307859195185677,0.52966
rbf,815.695528759911,,,13.652585997263747,0.913830354298162,0.52925
rbf,283.6591082403686,,,13.646741499042976,0.22476434900571418,0.52917
rbf,901.7017496162822,,,13.986678463476467,0.2010428947839867,0.52897
rbf,423.50930750873044,,,14.763507395924986,0.6645180370705094,0.52885
sigmoid,260.4801911705879,-10.003441626068804,,,2.0,0.52614
sigmoid,499.19002387241113,19.8376958866232,,,1.7755612309561404,0.52041
sigmoid,304.996325997082,-20.0,,,0.0001,0.52041
sigmoid,122.66704638624907,-19.90984369995685,,,1.0328884936054261,0.52041
sigmoid,258.83401999872694,12.388333628873388,,,2.0,0.52041
sigmoid,179.0428400105929,20.0,,,2.0,0.52041
sigmoid,358.23411686570427,19.859187621461572,,,1.1654707933427138,0.52041
sigmoid,839.2238275165506,18.223247433615576,,,1.8887645585001271,0.52041
sigmoid,234.80944786257376,18.48095312808782,,,0.3217654630315311,0.52041
sigmoid,599.9426855029033,-19.04136698679057,,,0.7715597497979731,0.52041
sigmoid,475.008961125068,-18.563068211817626,,,0.6804221179673372,0.52041
sigmoid,998.1944195323788,-19.924951254702453,,,0.007759646485949909,0.52041
sigmoid,141.57550754171743,19.16940808392198,,,0.7653237573837095,0.52041
sigmoid,501.2873441903543,-19.445512089318395,,,0.016035670045530956,0.52041
sigmoid,628.6796025506568,-19.840206321587537,,,0.02867742910816808,0.52041
sigmoid,207.06983228487297,20.0,,,0.0001,0.52041
sigmoid,786.2160338992376,-8.198315041973903,,,0.2446971725250009,0.52041
sigmoid,158.62875874256085,-17.924366880637287,,,0.08619947818022515,0.52041
sigmoid,749.3070943160197,-20.0,,,0.0001,0.52041
sigmoid,999.8074254915662,19.424213931086513,,,1.3214699250220026,0.52041
sigmoid,391.44232466087504,12.01253632781323,,,0.2147312744143424,0.52041
sigmoid,109.31150380483976,17.84109483606614,,,0.04465085804073062,0.52041
sigmoid,957.2713116802466,-19.61086686601004,,,1.8372842819595865,0.52041
sigmoid,563.1627119714016,-20.0,,,0.0001,0.52041
sigmoid,331.3650989748849,-20.0,,,2.0,0.52041
sigmoid,533.4424097471922,19.043040914837626,,,1.3847809127064914,0.52041
sigmoid,939.1131194082733,16.502703107280034,,,1.5880752569498253,0.52041
sigmoid,446.2873579759975,-14.197959053519039,,,1.5243356638947585,0.52041
sigmoid,608.24020864485,20.0,,,0.7412407919895486,0.52041
sigmoid,241.33051443636174,-19.94772984326112,,,1.8232871660745114,0.52041
sigmoid,471.2528747308059,17.418903131490197,,,0.05002888199957985,0.52041
sigmoid,418.4159712450913,-19.97518688694175,,,1.7313076077548115,0.52041
sigmoid,371.9625412285258,-19.978518586959332,,,1.1999076047956585,0.52041
sigmoid,193.71432496002404,-15.587466997895984,,,1.924623943883697,0.52041
sigmoid,21.922868355790268,-9.445251331048752,,,0.8125210369047219,0.52041
sigmoid,787.7810575535467,8.365473652995092,,,0.23971674833404652,0.52041
sigmoid,423.50930750873044,19.369353055799962,,,0.6645180370705094,0.52041
sigmoid,648.3635832522973,7.720076062814066,,,1.4535308202723953,0.52041
sigmoid,901.7017496162822,17.297809235937244,,,0.2010428947839867,0.52041
sigmoid,281.945357701121,-8.434135877635288,,,1.7457332771598622,0.52041
sigmoid,527.036346492387,-14.934544929263698,,,0.250554499983463,0.52041
sigmoid,198.82179185564394,-10.976765766377241,,,1.426136643217501,0.52041
sigmoid,37.82615351104629,7.317203370948199,,,1.1996915568906583,0.52041
sigmoid,898.8720212109129,-16.77139861654946,,,1.0815672716329434,0.52041
sigmoid,968.4492067758713,19.93269150574737,,,1.759470459105947,0.52041
sigmoid,78.01970385101785,8.665607858105105,,,1.0445948643381846,0.52041
sigmoid,283.6591082403686,16.3913106641146,,,0.22476434900571418,0.52041
sigmoid,815.695528759911,16.406895992703326,,,0.913830354298162,0.52041
sigmoid,562.5794636450034,11.192100111889193,,,0.9885035006860862,0.52041
sigmoid,442.8383657517766,19.506316452643652,,,1.4784739754326166,0.52041
sigmoid,918.7506629419947,-13.471191604507835,,,1.6642637945295162,0.52041
sigmoid,310.8304889265555,12.759488828754002,,,0.6695717738805931,0.52041
sigmoid,760.7391273231052,14.407731005787305,,,0.3307859195185677,0.52041
sigmoid,51.87383272083162,-11.7739265929891,,,2.0,0.52041
sigmoid,799.8884207654272,-18.256339085089003,,,0.8629835632805968,0.52041
sigmoid,887.6158203957142,10.692379055047091,,,1.2948607550487334,0.52041
sigmoid,865.0473866908836,14.09647895636892,,,0.15911411310090826,0.52041
sigmoid,714.5541198323552,12.764211863059856,,,1.5972317391363033,0.52041
sigmoid,75.89261276684925,-14.698329566818366,,,1.1990476537618155,0.52041
sigmoid,55.876379484843476,14.070667224405831,,,0.8829898534860544,0.52041
sigmoid,8.680421832935346,6.708728470048044,,,1.8554681344100492,0.52041
sigmoid,4.517673107747912,-16.90648038427615,,,1.2535527433881068,0.52041
sigmoid,878.0239696131459,-8.5772946117692,,,0.7303478621784834,0.52041
sigmoid,713.0185616768975,-7.955073078453783,,,1.2145800622931922,0.52041
sigmoid,693.9223682563061,16.143802807433836,,,0.9248444018583966,0.52041
sigmoid,680.7598966638532,-11.000978989830223,,,2.0,0.52041
sigmoid,812.4631330287374,-10.49252707312136,,,1.3064110339622235,0.52041
sigmoid,830.6608540108388,-10.23389609455529,,,0.0001,0.52041
sigmoid,698.955378221362,-9.973041379846963,,,1.9980848990238569,0.52041
sigmoid,674.4287497122257,13.737869840591763,,,1.108539058631228,0.52041
poly,609.6496996852388,-8.76168297290627,5.0,15.0,2.0,0.4491
poly,694.2846516635042,-3.0596507593015403,4.936935305579996,4.983384447251183,1.5997964524852304,0.43198
poly,547.930097836131,-20.0,5.0,15.0,0.5076067485580681,0.42587
poly,34.72406238912222,-20.0,5.0,15.0,2.0,0.42587
poly,798.2926457474956,-19.764625236940596,3.7233818576984095,12.899239288827411,0.522330364836644,0.37462
poly,964.7135650868762,-16.256176596408814,5.0,15.0,2.0,0.35828
poly,491.58525609757584,-19.615499011942585,4.174099339238561,10.770754712600652,1.9896644118948614,0.28753
poly,918.7506629419947,-13.471191604507835,4.3284940137597205,6.642567128843778,1.9753170568410512,0.2796
poly,860.1934149514076,-13.385950907174005,3.6252234357310957,5.541835768911932,1.6348956942876551,0.27144
poly,845.320002420414,-17.167264243409615,2.1455352874718736,7.582308922645674,0.35068931803561687,0.24651
poly,657.5292331642419,-19.07619404008985,3.838816464634349,1.303009158989883,0.7901612740087249,0.23631
poly,757.532383596574,-12.196267999982089,2.4182776606167247,1.5982335637841887,1.9635675180214807,0.23464
